source,dc_name,developer_name,end_user,country,state,city,county_region,address,google_link,latitude,longitude,location_confidence,use,current_status,size_rank,facility_size_sqft,property_size_sqft,total_power_mw,power_source,cooling_system,water_use_gallons_year,water_use_mgd,existing_zoning,link_to_ordinance,proposed_zoning,key_permitting_issues,proximity_to_power_stations,state_federal_agency,year_permit_documents,permit_documents,year_of_operation,capital_operating_expenditure,socioenvironmental_issues,community_resistance,resistance_tactics,government_response,company_response,media
Ultimate DC Dataset,Lumen Metairie,Lumen,,USA,LA,New Orleans,,"3301 Lausat Street, 70001 Metairie, Louisiana, USA","https://www.google.com/maps/@29.9725642,-90.1580281,0a,73.7y,100h,90t/data=!3m4!1e1!3m2!1s9Z7Od6lFs4jPL8jbmmi6sA!2e0?source=apiv3",29.9725642,-90.1580281,,AI,,,"20,000",,n/a,,,,,,,,,,,,,n/a,,,,,,,
Ultimate DC Dataset,"DartPoints Baton Rouge, LA 1 - BTR01",DartPoints,,USA,LA,Baton Rouge,,"DartPoints, 7127 Florida Blvd, 70806 Baton Rouge, Louisiana, USA","https://www.google.com/maps/place/DartPoints/@30.4533074,-91.1183616,727m/data=!3m2!1e3!4b1!4m6!3m5!1s0x8626a3ead0eea491:0xb3d8f902b1b15a33!8m2!3d30.4533028!4d-91.1157813!16s%2Fg%2F1vknprgn?entry=ttu&g_ep=EgoyMDI1MTIwOS4wIKXMDSoASAFQAw%3D%3D",30.4533074,-91.1183616,,Colocation,,,"86,400",,2.5,,,,,,,,,,,,,2000,,,,,,,
Ultimate DC Dataset,"DartPoints Baton Rouge, LA 2 - BTR02",DartPoints,,USA,LA,Baton Rouge,,"7119 Florida Blvd, Baton Rouge, LA 70806, USA","https://www.google.com/maps/place/7119+Florida+Blvd,+Baton+Rouge,+LA+70806,+USA/@30.4521776,-91.1186211,727m/data=!3m2!1e3!4b1!4m6!3m5!1s0x8626a395333ed0a7:0x2edb8061c1511910!8m2!3d30.452173!4d-91.1160408!16s%2Fg%2F11bw3xh8t0?entry=ttu&g_ep=EgoyMDI1MTIwOS4wIKXMDSoASAFQAw%3D%3D",30.4521776,-91.1186211,,Colocation,,,"27,400",,6,,,,,,,,,,,,,2014,,,,,,,
Ultimate DC Dataset,Lumen Baton Rouge,Lumen,,USA,LA,Baton Rouge,,"9826 Burbank Drive, 70810 Louisana, Louisiana, USA","https://www.google.com/maps/place/9826+Burbank+Dr,+Baton+Rouge,+LA+70810,+USA/@30.3571106,-91.121307,17z/data=!3m1!4b1!4m6!3m5!1s0x8626a5eb9c3503dd:0x99ce6b08ea0a46b6!8m2!3d30.357106!4d-91.1187267!16s%2Fg%2F11c4ssb415?entry=ttu&g_ep=EgoyMDI1MTIwOS4wIKXMDSoASAFQAw%3D%3D",30.3571106,-91.121307,,Colocation,,,"5,000",,n/a,,,,,,,,,,,,,n/a,,,,,,,
Ultimate DC Dataset,"DartPoints Shreveport, LA - SHV01",DartPoints,,USA,LA,Shreveport,,"601 Milam St, 71101 Shreveport, Louisiana, USA","https://www.google.com/maps/place/DartPoints/@32.5111306,-93.7512462,19z/data=!4m6!3m5!1s0x8636cd3138fb46bb:0xee1fbfc2dba610b!8m2!3d32.510794!4d-93.749992!16s%2Fg%2F11c1wvqk3b?entry=ttu&g_ep=EgoyMDI1MTIwOS4wIKXMDSoASAFQAw%3D%3D",32.5111306,-93.7512462,,Colocation,,,"87,000",,2.2,,,,,,,,,,,,,2016,,,,,,,
Ultimate DC Dataset,Lockstep Technology Group Data Center,Lockstep Technology Group,,USA,LA,Baton Rouge,,"6867 Bluebonnet Blvd., 70810 Baton Rouge, Louisiana, USA","https://www.google.com/maps/@30.3872175,-91.0926333,0a,101.6y,77.06h,80.94t/data=!3m4!1e1!3m2!1sIQxazuvYGy1QbF0jPKVT3w!2e0?source=apiv3",30.3872175,-91.0926333,,Colocation,,,"30,000",,10,,,,,,,,,,,,,2007,,,,,,,
Ultimate DC Dataset,Lumen New Orleans 2,Lumen,,USA,LA,New Orleans,,"1250 Poydras St, Suite 500, 70113 New Orleans, Louisiana, USA","https://www.google.com/maps/@29.9509971,-90.076651,0a,73.7y,100h,90t/data=!3m4!1e1!3m2!1skA2uaYlJnWWfbnOgUOUlfQ!2e0?source=apiv3",29.9509971,-90.076651,,Colocation,,,in building,,15 kW,,,,,,,,,,,,,,,,,,,,"Cloud Connect to AWS, Azure, Google and more"
Ultimate DC Dataset,Lumen New Orleans 1,Lumen,,USA,LA,New Orleans,,"639 Loyola, 70113 New Orleans, Louisiana, USA","https://www.google.com/maps/place/639+Loyola+Ave,+New+Orleans,+LA+70113,+USA/@29.94886,-90.0794423,731m/data=!3m2!1e3!4b1!4m6!3m5!1s0x8620a5ba37ba2359:0xcdac5eb133fb45dd!8m2!3d29.9488554!4d-90.076862!16s%2Fg%2F11v_4pstmt?entry=ttu&g_ep=EgoyMDI1MTIwOS4wIKXMDSoASAFQAw%3D%3D",29.94886,-90.0794423,,Colocation,,,"6,072",,,,,,,,,,,,,,,,,,,,,,
Ultimate DC Dataset,Cogent Data Center - New Orleans,Cogent Communications Inc.,,USA,LA,New Orleans,,"650 Poydras St., 70130 New Orleans, Louisiana, USA","https://www.google.com/maps/place/650+Poydras+St,+New+Orleans,+LA+70130,+USA/@29.9488792,-90.0726949,731m/data=!3m2!1e3!4b1!4m6!3m5!1s0x8620a6749dc036db:0xe8db747c95b1e0e5!8m2!3d29.9488746!4d-90.0701146!16s%2Fg%2F11c3q36xr_?entry=ttu&g_ep=EgoyMDI1MTIwOS4wIKXMDSoASAFQAw%3D%3D",29.9488792,-90.0726949,,Colocation,,,"7,812",,0.7,,,,,,,,,,,,,,,,,,,,
Ultimate DC Dataset,FOGO Solutions - New Orleans,FOGO Solutions,,USA,LA,New Orleans,,"935 Gravier St, 70112 New Orleans, Louisiana, USA","https://www.google.com/maps/@29.9528165,-90.0734007,0a,73.7y,100h,90t/data=!3m4!1e1!3m2!1sAF7_ThkAhKDYUZFVOiv47g!2e0?source=apiv3",29.9528165,-90.0734007,,Colocation,,,n/a,,n/a,,,,,,,,,,,,,,,,,,,,
Ultimate DC Dataset,EdgeConneX Slidell - EDCSLI01,EdgeConneX,,USA,LA,Slidell,,"2070 Gause Blvd E, 70461 Slidell, Louisiana, USA","https://www.google.com/maps/place/2070+Gause+Blvd+E,+Slidell,+LA+70461,+USA/@30.2869184,-89.7400394,17z/data=!3m1!4b1!4m5!3m4!1s0x889de702b901a457:0x98d98c16ffc6b1b3!8m2!3d30.2869138!4d-89.7374591?entry=ttu&g_ep=EgoyMDI1MTIwOS4wIKXMDSoASAFQAw%3D%3D",30.2869184,-89.7400394,,Colocation,,,"26,950",,1.5,,,,,,,,,,,,,,,,,,,,
Community Portal,Richland Parish Data Center,Laidley LLC (subsidiary of Meta),Meta,,,USA,Lousiana,F9H7+W5 Holly Ridge,,32.47983057507119, -91.63709468983367,High,AI,Approved/permitted/under construction,"Mega campus (>1,000 MW)",4 million sq ft,"2,250 acres","1,500-2,200 MW",,,,,Not on the NZA; can't find ordinances online,,,- Also required approval for 3 new power plants,,,,,2029,,White communities welcome Meta/AI to area; Black communities in area are more concerned // Holly Ridge is a very small town where more than a quarter of residents live below poverty line,Yes,Local chapter of Sierra Club hosted town hall // Public spoke out in concern against expedited permitting of Entergy power plants,"Louisiana Public Service Commission expedited permitting for the 3 power plants, which are being constructed",,
Community Portal,OData QR01,OData,OData,Mexico,Querétaro,Coyotillos,Colón,"76245 Parque Industrial VYNMSA Querétaro, Querétaro",ODATA QR01,20.53559262,-100.2366698,High,AI,Operating,,,,,,,,,,,,,,,,,2022,,,,,,,
Community Portal,OData QR02,OData,OData,Mexico,Guanajuato,Amexhe,Amexhe,"GCRF+H4, 38188 Parque Industrial Amexhe, Gto.",ODATA QR02,20.54159823,-100.5771768,High,AI,Approved/permitted/under construction,,,,,,,,,,,,,,,,,2026,,,,,,,
Community Portal,OData QR03 DC1,OData,OData,Mexico,Querétaro,San Antonio la Galera,San Antonio la Galera,"GQP7+69, 76246 Parque Industrial PyME, Qro.",ODATA QR03,20.53568209,-100.2366057,High,AI,Approved/permitted/under construction,Hyperscale (101-999 MW),"116,188 m²","275,000 m²",300,,,,,,,,,,,,,2029,,,,,,https://odatacolocation.com/en/blog/data-center/dc-qr03/,
Community Portal,OData QR03 DC2,OData,OData,Mexico,Querétaro,San Antonio la Galera,San Antonio la Galera,"GQP7+69, 76246 Parque Industrial PyME, Qro.",ODATA QR03,,,Medium,AI,Approved/permitted/under construction,,,,-,,,,,,,,,,,,,2029,,,,,,,
Community Portal,OData QR03 DC3,OData,OData,Mexico,Querétaro,San Antonio la Galera,San Antonio la Galera,"GQP7+69, 76246 Parque Industrial PyME, Qro.",ODATA QR03,,,Medium,AI,Approved/permitted/under construction,,,,-,,,,,,,,,,,,,2029,,,,,,,
Community Portal,OData QR03 DC4,OData,OData,Mexico,Querétaro,San Antonio la Galera,San Antonio la Galera,"GQP7+69, 76246 Parque Industrial PyME, Qro.",ODATA QR03,,,Medium,AI,Approved/permitted/under construction,,,,-,,,,,,,,,,,,,2029,,,,,,,
Community Portal,OData QR03 DC5,OData,OData,Mexico,Querétaro,San Antonio la Galera,San Antonio la Galera,"GQP7+69, 76246 Parque Industrial PyME, Qro.",ODATA QR03,,,Medium,AI,Approved/permitted/under construction,,,,-,,,,,,,,,,,,,2029,,,,,,,
Community Portal,Cloud HQ QR01,Cloud HQ,Cloud HQ,Mexico,Querétaro,Galeras,Colón,"JVC3+R7 Galeras, Querétaro",Cloud HQ,20.624095,-100.1367004,High,AI,Approved/permitted/under construction,,,,,,,,,,,,,,,,,2030,,,,,,,
Community Portal,Cloud HQ QR02,Cloud HQ,Cloud HQ,Mexico,Querétaro,Galeras,Colón,"JVC3+R7 Galeras, Querétaro",Cloud HQ,20.624095,-100.1367004,High,AI,Approved/permitted/under construction,,,,,,,,,,,,,,,,,2030,,,,,,,
Community Portal,Cloud HQ QR03,Cloud HQ,Cloud HQ,Mexico,Querétaro,Galeras,Colón,"JVC3+R7 Galeras, Querétaro",Cloud HQ,20.624095,-100.1367004,High,AI,Approved/permitted/under construction,,,,,,,,,,,,,,,,,2030,,,,,,,
Community Portal,Cloud HQ QR04,Cloud HQ,Cloud HQ,Mexico,Querétaro,Galeras,Colón,"JVC3+R7 Galeras, Querétaro",Cloud HQ,20.624095,-100.1367004,High,AI,Approved/permitted/under construction,,,,,,,,,,,,,,,,,2030,,,,,,,
Community Portal,Cloud HQ QR05,Cloud HQ,Cloud HQ,Mexico,Querétaro,Galeras,Colón,"JVC3+R7 Galeras, Querétaro",Cloud HQ,20.624095,-100.1367004,High,AI,Approved/permitted/under construction,,,,,,,,,,,,,,,,,2030,,,,,,,
Community Portal,Cloud HQ QR06,Cloud HQ,Cloud HQ,Mexico,Querétaro,Galeras,Colón,"JVC3+R7 Galeras, Querétaro",Cloud HQ,20.624095,-100.1367004,High,AI,Approved/permitted/under construction,,,,,,,,,,,,,,,,,2030,,,,,,,
Community Portal,Ascenty 1 MEX01,Ascenty,Microsoft,Mexico,Querétaro,Galeras,Colón,"HRVW+42 Galeras, Querétaro",Ascenty | MEX01,20.592749142223088,-100.1548662328555,High,AI,Operating,,,,,,,,,,,,,,,,,2020,,,,,,,
Community Portal,Ascenty 2 MEX02,Ascenty,Microsoft,Mexico,Querétaro,La Esperanza,Colón,"MV5V+9W, 76289 Esperanza, Qro.",Ascenty 2 | MEX02,20.65857803,-100.105166,High,AI,Operating,,,,25,,,,,,,,,,,,,2022,,,Yes,,,,
Community Portal,Microsoft QR01,Microsoft,Microsoft,Mexico,Querétaro,La Esperanza,Colón,"MV5V+9C, 76289 Esperanza, Qro.",DC ASU,20.6584,-100.107,High,AI,Operating,,,,,,,,,,,,,,,,,2024,,,Yes,,,,
Community Portal,OR01 Data Center,,,United States,Oregon,Hillsboro,,"5870 NE Schaaf St, Hillsboro, OR 97124, United States",OR1 Data Center,45.56881204,-122.9205792,High,,Operating,,,,,,,,,,,,,,,,,,,,,,,,
